Activity Type,Location,Distance,Calories,Time,Avg HR,Max HR,Avg Cadence,Max Cadence,Avg Pace,Best Pace,Elev Gain,Elev Loss,Avg Stride Length,Avg Cadence,Power,Total Strokes,Avg. Swolf,Avg Stroke Rate
running,Poughkeepsie Running,3.68,333,27:03:00,147,158,170,192,7:21,5:51,129,120,1.29,,,,,
indoor_cycling,Indoor Cycling,8.4,392,29:56:00,149,159,,,16.8,,,,0,88,148,,,
lap_swimming,Lap Swimming,,93,32:15:00,,,,,4:18,1:18,,,0,,,423,82,16
running,Poughkeepsie Running,2.26,251,16:26,,,171,229,7:17,4:21,36,36,1.29,,,,,
running,Poughkeepsie Running,6.24,526,44:21:00,149,175,170,194,7:06,5:57,501,489,1.34,,,,,
running,Poughkeepsie Running,8.05,717,52:59:00,159,178,170,182,6:35,4:26,120,127,1.44,,,,,
running,East Buffalo Running,1.59,168,14:24,,,168,229,9:04,7:41,62,59,1.05,,,,,
running,East Buffalo Running,1.63,181,12:25,,,170,186,7:37,6:23,41,38,1.24,,,,,
track_running,800 meter ,0.5,16,1:55,,,,,3:50,,,,0,,,,,
running,East Buffalo Running,2.6,224,20:58,139,155,163,241,8:03,5:19,37,36,1.22,,,,,
running,Poughkeepsie Running,1.05,103,08:31.9,137,149,168,180,8:10,7:35,,,1.17,,,,,
running,Poughkeepsie Running,0.2,8,00:47.8,147,167,130,248,3:55,3:43,,,3.16,,,,,
running,Poughkeepsie Running,1.02,90,06:16.0,163,177,172,190,6:07,4:38,,3,1.53,,,,,
running,Poughkeepsie Running,1.73,174,12:29,160,182,173,190,7:13,6:51,16,19,1.29,,,,,
indoor_cycling,Indoor Cycling,9.87,367,36:49:00,145,163,,,16.1,,,,0,90,149,,,
lap_swimming,Lap Swimming,,110,29:04:00,,,,,3:54,1:04,,,0,,,435,75,17
running,Poughkeepsie Running,1.63,165,11:58,152,163,172,190,7:21,6:28,21,24,1.27,,,,,
running,Poughkeepsie Running,7.59,735,52:38:00,157,171,169,212,6:56,6:16,245,250,1.37,,,,,
running,Poughkeepsie Running,4.04,381,27:00:00,156,176,170,198,6:41,5:30,87,100,0,,,,,
running,Poughkeepsie Running,10.19,877,1:17:46,150,172,158,212,7:38,5:24,727,716,0,,,,,
running,Williamsburg Running,1.49,165,12:33,,,165,194,8:24,7:23,,,0,,,,,
running,Williamsburg Running,1.94,215,14:18,,,167,180,7:21,6:39,15,13,0,,,,,
running,Williamsburg Running,2.76,277,20:20,155,176,168,198,7:22,5:50,16,18,0,,,,,
running,Williamsburg Running,4.47,418,34:20:00,148,159,164,184,7:41,5:59,55,58,0,,,,,
running,Poughkeepsie Running,7.11,663,48:33:00,155,170,166,186,6:49,5:10,551,554,1.42,,,,,
running,Poughkeepsie Running,10.03,901,1:07:42,156,174,169,194,6:45,5:07,703,699,1.41,,,,,
running,Raleigh Running,1.03,109,9:09,,,164,198,8:51,5:09,,,0,,,,,
running,Raleigh Running,1.47,162,10:33,,,167,182,7:09,5:56,18,15,0,,,,,
running,Raleigh Running,2.41,243,18:00,152,168,169,188,7:28,6:21,98,88,1.28,,,,,
running,Ashland Running,1.04,114,07:21.6,,,166,179,7:05,6:29,4,,1.37,,,,,
running,Poughkeepsie Running,6.55,719,45:16:00,,,167,194,6:54,5:59,568,564,1.39,,,,,
indoor_cycling,Indoor Cycling,8.23,391,30:01:00,139,158,,,16.5,,,,0,92,145,,,
running,Poughkeepsie Running,6.32,601,44:19:00,155,167,170,194,7:00,4:05,447,432,1.35,,,,,
running,Poughkeepsie Running,8.86,861,1:02:10,160,179,168,190,7:01,5:45,710,703,1.37,,,,,
treadmill_running,Treadmill Running,5.09,499,35:40:00,158,168,166,179,7:00,6:28,,,1.27,,,,,
indoor_cycling,Indoor Cycling,0,311,24:56:00,148,157,,,,,,,0,,,,,
indoor_cycling,Indoor Cycling,17.03,689,1:05:56,149,160,,,15.5,,,,0,91,152,,,
running,Poughkeepsie Running,4.39,434,29:38:00,162,174,169,178,6:45,5:43,371,373,1.41,,,,,
running,Poughkeepsie Running,8.02,883,52:58:00,65,66,186,213,6:36,4:47,636,639,1.31,,,,,
treadmill_running,Treadmill Running,1.35,133,10:05,146,155,166,176,7:28,6:51,,,1.26,,,,,
indoor_cycling,Indoor Cycling,5.65,223,19:36,148,157,,,17.3,,,,0,84,157,,,
indoor_cycling,Indoor Cycling,7.03,298,25:10:00,146,163,,,16.8,,,,0,96,149,,,
indoor_cycling,Indoor Cycling,9.82,481,35:01:00,152,164,,,16.8,,,,0,96,154,,,
running,New York Running,1.42,161,11:09,,,160,177,7:52,2:48,9,9,1.28,,,,,
treadmill_running,Treadmill Running,2.82,299,24:19:00,145,162,154,178,8:38,6:40,,,1.21,,,,,
indoor_cycling,Indoor Cycling,0,202,13:41,165,179,,,,,,,0,,,,,
running,Poughkeepsie Running,1.15,128,09:01.7,,,166,182,7:51,6:31,,,1.24,,,,,
indoor_cycling,Indoor Cycling,0,382,29:15:00,148,170,,,,,,,0,,,,,
walking,Walking,0.02,11,01:47.2,109,120,25,159,,18:33,,,0.56,,,,,
indoor_cycling,Indoor Cycling,9.35,411,33:18:00,143,162,,,16.8,,,,0,94,153,,,
indoor_cycling,Indoor Cycling,11.06,501,38:30:00,150,161,,,17.2,,,,0,91,159,,,
indoor_cycling,Indoor Cycling,0,673,55:38:00,146,164,,,,,,,0,,,,,
running,Boston Running,1.5,163,11:31,,,167,179,7:40,1:32,24,30,1.26,,,,,
running,Boston Running,3.44,380,25:44:00,,,173,229,7:29,4:16,70,72,1.25,,,,,
running,Poughkeepsie Running,5.37,500,37:12:00,152,165,171,194,6:56,5:18,176,170,1.36,,,,,
treadmill_running,Treadmill Running,6.01,596,42:27:00,157,174,165,192,7:04,6:16,,,1.23,,,,,
indoor_cycling,Indoor Cycling,0,443,39:05:00,139,155,,,,,,,0,,,,,
indoor_cycling,Indoor Cycling,10.81,464,39:46:00,140,153,,,16.3,,100,,0,84,140,,,
treadmill_running,Treadmill Running,6,534,39:55:00,151,175,170,190,6:39,6:15,,,1.29,,,,,
running,Binghamton Running,10.15,989,1:07:27,163,175,170,212,6:39,4:03,221,221,1.43,,,,,
running,Running,0.97,118,08:20.7,158,165,167,179,8:36,6:59,,,1.12,,,,,
running,Running,0.17,15,01:03.6,176,183,198,213,6:14,4:56,,,1.3,,,,,
running,Running,0.13,12,00:54.4,175,181,196,204,7:05,5:18,,,1.16,,,,,
running,Running,0.14,13,00:57.3,176,183,196,206,6:39,5:11,,,1.23,,,,,
running,Running,0.15,13,00:57.3,171,179,196,201,6:33,5:04,,,1.26,,,,,
running,Running,0.35,39,02:34.5,174,180,178,184,7:17,6:46,,,1.24,,,,,
running,Running,0.36,39,02:37.3,170,178,177,186,7:16,6:48,,,1.25,,,,,
treadmill_running,Treadmill Running,0.35,35,02:20.4,169,175,177,182,6:47,6:30,,,1.34,,,,,
treadmill_running,Treadmill Running,0.33,32,02:17.5,160,165,176,182,6:57,6:41,,,1.32,,,,,
running,Poughkeepsie Running,5.01,478,34:34:00,154,169,171,186,6:54,5:42,164,162,1.36,,,,,
running,Poughkeepsie Running,7.15,602,50:53:00,146,162,170,198,7:07,5:47,633,637,1.33,,,,,
indoor_cycling,Indoor Cycling,0,375,35:09:00,137,153,,,,,,,0,,,,,
running,Poughkeepsie Running,1.7,187,12:25,,,171,190,7:18,6:30,20,22,1.29,,,,,
treadmill_running,Treadmill Running,1.65,176,13:11,151,158,166,178,8:01,6:50,,,1.21,,,,,
indoor_cycling,Indoor Cycling,0,262,21:20,140,150,,,,,,,0,,,,,
running,Poughkeepsie Running,12.09,"1,146",1:23:17,156,176,169,198,6:53,4:20,276,301,1.38,,,,,
running,Boston Running,1.32,145,10:52,,,168,186,8:15,6:45,18,18,1.16,,,,,
running,Boston Running,1.49,164,12:24,,,163,186,8:18,4:19,41,41,1.19,,,,,
running,Poughkeepsie Running,4.47,439,31:17:00,156,173,172,198,7:00,3:32,112,119,1.34,,,,,
running,Poughkeepsie Running,7.47,677,52:14:00,151,168,169,191,7:00,5:23,568,556,1.36,,,,,
lap_swimming,Lap Swimming,,88,19:39,,,,,2:36,0:50,,,0,,,222,50,17
indoor_cycling,Indoor Cycling,0,209,14:51,154,171,,,,,,,0,,,,,
running,New Paltz Running,1.33,147,10:21,,,170,213,7:48,6:30,42,58,1.22,,,,,
indoor_cycling,Indoor Cycling,8.85,367,31:18:00,138,149,,,17,,75,,0,83,140,,,
running,Poughkeepsie Running,10.29,898,1:09:01,154,178,171,192,6:42,3:53,717,721,1.4,,,,,
walking,Poughkeepsie Walking,0.33,59,39:41:00,118,143,19,124,,12:53,,,0.7,,,,,
running,Poughkeepsie Running,4.42,420,30:43:00,154,165,171,188,6:56,6:03,156,136,1.36,,,,,
running,Staten Island Running,1.19,129,11:05,,,169,184,9:20,7:29,,,1.02,,,,,
running,Staten Island Running,0.25,19,01:01.1,,,193,205,4:04,4:02,,,2.05,,,,,
running,Staten Island Running,0.42,39,02:01.2,,,177,186,4:51,4:44,,,1.88,,,,,
running,Staten Island Running,0.59,61,03:01.9,,,168,190,5:08,4:51,,,1.87,,,,,
running,Staten Island Running,0.99,105,08:22.3,,,168,182,8:25,7:41,,,1.13,,,,,
running,Staten Island Running,1.55,177,12:05,,,168,186,7:49,6:29,,,1.22,,,,,
running,Poughkeepsie Running,2.85,282,20:55,151,171,169,208,7:21,3:53,58,66,1.29,,,,,
treadmill_running,Treadmill Running,5.99,576,41:55:00,160,178,168,188,7:00,6:18,,,1.25,,,,,
indoor_cycling,Indoor Cycling,0,181,15:51,134,152,,,,,,,0,,,,,
running,Poughkeepsie Running,10.08,912,1:06:57,158,176,171,189,6:39,5:19,394,392,1.42,,,,,
indoor_cycling,Indoor Cycling,0,221,16:00,154,169,,,,,,,0,,,,,
indoor_cycling,Indoor Cycling,0,321,25:22:00,147,161,,,,,,,0,,,,,
running,Poughkeepsie Running,0.92,98,07:03.2,159,167,166,212,7:38,6:40,33,,1.27,,,,,
running,Poughkeepsie Running,0.92,98,7:00,159,167,166,212,7:34,6:40,33,,0,,,,,
running,Poughkeepsie Running,3.54,339,22:34,169,184,166,203,6:22,4:38,92,93,1.52,,,,,
running,Poughkeepsie Running,3.54,337,23:51,168,184,164,202,6:44,4:38,92,93,0,,,,,
running,Poughkeepsie Running,1.38,136,10:07,151,158,169,178,7:20,6:13,37,44,1.3,,,,,
running,Poughkeepsie Running,1.38,135,10:12,151,157,166,178,7:24,6:15,37,44,0,,,,,
running,Poughkeepsie Running,5.81,511,41:59:00,147,162,169,198,7:14,6:13,349,349,1.32,,,,,
cycling,Cycling,0,394,33:48:00,139,159,,,,,,,0,,,,,
indoor_cycling,Indoor Cycling,9.32,395,33:50:00,139,159,,,16.5,21.6,77,,0,87,151,,,
running,Poughkeepsie Running,6.56,721,45:02:00,,,168,196,6:52,3:47,520,530,1.4,,,,,
running,Poughkeepsie Running,6.56,717,47:26:00,,,159,196,7:14,3:47,520,530,0,,,,,
running,Poughkeepsie Running,4.24,476,29:38:00,,,172,195,7:00,5:42,86,157,1.34,,,,,
running,Guilderland Running,0.67,73,5:44,,,170,178,8:30,7:56,,,0,,,,,
running,Poughkeepsie Running,9.61,884,1:03:29,163,176,168,188,6:36,5:25,303,307,0,,,,,
running,Albany Running,0.24,17,00:58.3,,,194,228,4:04,4:10,20,,2.04,,,,,
running,Slingerlands Running,9.31,901,1:00:48,167,183,170,186,6:32,5:34,284,284,1.45,,,,,
indoor_cycling,Indoor Cycling,0,425,35:44:00,144,166,,,,,,,0,,,,,
running,Slingerlands Running,3.88,369,27:00:00,155,162,171,186,6:58,6:08,134,98,1.35,,,,,
running,Slingerlands Running,6.27,618,42:57:00,163,175,170,182,6:51,5:52,127,131,1.38,,,,,
running,Albany Running,1.07,115,10:06,,,163,192,9:29,5:29,,9,1.03,,,,,
running,Slingerlands Running,5.69,561,39:38:00,159,177,170,191,6:58,4:14,80,91,1.36,,,,,
running,Slingerlands Running,9.26,894,1:01:38,164,182,170,203,6:40,5:03,247,241,1.42,,,,,
walking,Slingerlands Walking,0.75,96,06:56.3,153,169,144,184,9:12,6:49,,,1.21,,,,,
running,Slingerlands Running,2.64,268,18:06,165,180,162,196,6:52,4:29,80,38,1.45,,,,,
running,Slingerlands Running,1.83,153,10:04,173,183,174,186,5:31,5:15,34,31,1.67,,,,,
running,Slingerlands Running,1.12,103,07:56.1,149,156,164,179,7:06,6:40,33,36,1.38,,,,,
treadmill_running,Treadmill Running,5.12,558,39:27:00,161,182,166,188,7:42,6:22,,,1.26,,,,,
running,Poughkeepsie Running,1.2,130,09:09.5,159,170,170,188,7:37,6:28,31,46,1.24,,,,,
running,Poughkeepsie Running,1.87,201,14:01,160,184,171,203,7:29,4:17,129,125,1.25,,,,,
running,Poughkeepsie Running,1.84,165,10:02,180,187,172,186,5:27,4:14,73,44,1.71,,,,,
running,Poughkeepsie Running,6.23,546,44:32:00,147,158,169,199,7:09,5:25,193,207,1.33,,,,,
running,Poughkeepsie Running,4.06,453,28:33:00,,,169,198,7:02,5:26,200,217,1.35,,,,,
running,Poughkeepsie Running,3.56,339,25:24:00,150,162,170,198,7:09,6:40,355,198,1.32,,,,,
running,Poughkeepsie Running,7.07,651,48:25:00,156,168,167,180,6:51,5:54,133,130,1.41,,,,,
running,Poughkeepsie Running,6.7,620,45:39:00,160,177,167,186,6:49,5:00,275,293,1.41,,,,,
running,Poughkeepsie Running,1.56,169,12:02,,,169,188,7:42,5:51,21,24,1.24,,,,,
treadmill_running,Treadmill Running,4.95,474,34:09:00,159,178,163,184,6:54,6:17,,,1.22,,,,,
running,Poughkeepsie Running,11.37,"1,228",1:18:01,,,166,213,6:52,6:00,369,360,1.41,,,,,
running,Poughkeepsie Running,1.42,156,10:59,,,163,179,7:42,5:44,18,20,1.28,,,,,
running,Poughkeepsie Running,4.55,494,34:15:00,,,165,176,7:32,5:48,58,70,1.3,,,,,
running,Holmdel Running,3.51,380,26:22:00,,,167,184,7:31,6:18,242,253,1.28,,,,,
running,Poughkeepsie Running,1.14,122,10:20,,,168,176,9:02,7:58,21,40,1.06,,,,,
running,Poughkeepsie Running,3.9,391,30:19:00,,,167,213,7:46,4:28,251,260,1.24,,,,,
running,Poughkeepsie Running,1.31,144,09:12.6,,,169,180,7:03,3:08,,18,1.35,,,,,
running,Poughkeepsie Running,5.52,593,39:46:00,,,167,179,7:12,6:28,177,172,1.34,,,,,
running,Poughkeepsie Running,0.54,56,04:42.4,,,162,171,8:41,7:59,,,1.15,,,,,
running,Poughkeepsie Running,0.87,93,05:00.0,,,168,198,5:43,5:01,,29,1.68,,,,,
running,Poughkeepsie Running,1.3,144,09:45.1,,,168,186,7:29,5:22,,,1.29,,,,,
running,Poughkeepsie Running,8.82,749,1:03:04,151,184,168,207,7:09,4:14,312,311,1.34,,,,,
running,Hyde Park Running,1.46,117,09:07.5,155,180,176,202,6:15,4:23,,3,1.46,,,,,
running,Hyde Park Running,1.73,150,10:20,171,181,172,205,5:58,4:44,34,76,1.57,,,,,
running,Hyde Park Running,1.7,157,11:12,165,176,167,192,6:35,5:30,51,,1.46,,,,,
running,Hyde Park Running,1.19,114,10:05,138,149,165,182,8:29,6:42,26,22,1.15,,,,,
running,Poughkeepsie Running,10.91,963,1:15:11,159,179,168,229,6:54,4:28,551,572,1.39,,,,,
running,Poughkeepsie Running,6.01,553,42:48:00,156,171,167,178,7:07,6:07,163,179,1.36,,,,,
running,Poughkeepsie Running,1.4,111,08:39.2,153,182,172,229,6:11,3:39,52,34,1.51,,,,,
running,Poughkeepsie Running,0.92,62,04:56.6,158,173,175,212,5:22,4:15,117,69,1.72,,,,,
running,Poughkeepsie Running,0.51,55,04:29.6,143,149,163,170,8:53,8:03,19,67,1.11,,,,,
running,Poughkeepsie Running,3.22,297,23:54,148,185,167,194,7:26,4:00,193,202,1.3,,,,,
running,Poughkeepsie Running,6.29,562,45:57:00,150,171,166,186,7:19,6:02,535,532,1.33,,,,,
indoor_cycling,Indoor Cycling,0,376,37:27:00,140,168,,,,,,,0,,,,,
walking,Walking,0.18,256,31:34:00,126,151,17,198,,11:25,,,0.54,,,,,
indoor_cycling,Indoor Cycling,0,345,29:58:00,141,166,,,,,,,0,,,,,
running,Poughkeepsie Running,4.61,402,31:41:00,152,167,165,181,6:53,5:38,276,287,1.42,,,,,
running,Poughkeepsie Running,6.28,490,44:01:00,143,158,167,183,7:00,5:42,377,366,1.38,,,,,
running,Bethlehem Running,1.27,140,13:40,,,161,186,10:46,7:03,49,53,0.93,,,,,
running,Running,1.5,164,11:03,,,166,242,7:21,5:00,,,1.32,,,,,
running,Running,1.5,163,10:51,,,165,172,7:13,5:00,,,0,,,,,
running,Poughkeepsie Running,2.58,231,18:47,148,158,165,177,7:17,5:51,21,22,1.34,,,,,
running,Poughkeepsie Running,5.02,542,35:55:00,,,165,176,7:10,6:02,336,321,1.36,,,,,
walking,Hyde Park Walking,0.27,87,06:52.9,151,184,55,210,25:40:00,10:14,,,1.13,,,,,
running,Hyde Park Running,0.77,62,03:59.3,179,189,170,189,5:12,4:23,,3,1.82,,,,,
running,Hyde Park Running,0.77,62,3:58,179,189,168,188,5:11,4:23,,3,0,,,,,
running,Hyde Park Running,0.77,62,04:07.3,176,186,170,191,5:22,5:05,,6,1.76,,,,,
running,Hyde Park Running,0.77,62,4:08,176,186,170,190,5:23,5:05,,6,0,,,,,
running,Hyde Park Running,0.78,61,04:16.6,171,180,169,188,5:30,4:11,,4,1.73,,,,,
running,Hyde Park Running,0.78,61,4:18,171,180,168,188,5:32,4:11,,4,0,,,,,
running,Poughkeepsie Running,13.09,"1,152",1:27:51,160,171,166,186,6:43,5:15,"1,062","1,048",1.45,,,,,
running,Poughkeepsie Running,0.8,69,05:21.4,154,164,162,171,6:42,7:13,12,,1.48,,,,,
running,Poughkeepsie Running,1.4,122,08:56.9,171,186,168,192,6:23,4:35,46,60,1.5,,,,,
running,Poughkeepsie Running,1.42,119,09:02.2,160,177,165,198,6:22,4:41,,14,1.53,,,,,
running,Poughkeepsie Running,1.27,116,9:53,140,156,165,176,7:46,7:19,,,0,,,,,
running,Poughkeepsie Running,6.26,577,46:42:00,151,166,165,178,7:28,5:09,206,212,1.31,,,,,
running,Poughkeepsie Running,1.29,130,9:42,155,163,163,172,7:32,6:59,23,18,0,,,,,
running,Poughkeepsie Running,1.42,126,9:16,164,186,168,192,6:31,4:00,65,86,0,,,,,
running,Poughkeepsie Running,6.37,574,47:19:00,149,167,164,178,7:25,4:21,376,346,1.32,,,,,
running,Hyde Park Running,0.97,100,08:01.9,147,158,158,196,8:19,6:55,,7,1.23,,,,,
running,Hyde Park Running,0.8,67,04:50.3,166,186,168,193,6:05,4:01,,10,1.57,,,,,
running,Hyde Park Running,0.8,61,04:03.9,179,188,168,186,5:05,4:23,,7,1.88,,,,,
running,Hyde Park Running,0.79,61,04:11.7,176,188,169,191,5:17,5:01,,7,1.81,,,,,
running,Hyde Park Running,0.79,55,04:13.3,160,185,171,180,5:20,4:57,,7,1.77,,,,,
running,Hyde Park Running,0.8,53,04:15.7,160,180,167,192,5:21,5:10,,7,1.8,,,,,
running,Hyde Park Running,1.63,163,12:44,158,177,166,176,7:49,7:09,,,1.24,,,,,
running,Poughkeepsie Running,5.09,461,39:33:00,144,167,166,182,7:46,6:45,275,261,1.25,,,,,
running,Poughkeepsie Running,11.34,966,1:22:40,150,166,165,186,7:17,5:30,477,486,1.34,,,,,
running,New Paltz Running,0.49,51,04:36.3,137,141,162,170,9:30,7:39,25,,1.05,,,,,
running,Poughkeepsie Running,9.1,766,1:05:03,147,158,162,175,7:09,5:32,717,718,1.39,,,,,
running,Poughkeepsie Running,1.39,151,10:32,,,165,174,7:34,7:00,,2,0,,,,,
walking,Poughkeepsie Walking,2.57,77,28:13:00,88,105,7,165,11:00,1:31,163,14,20.24,,,,,
running,Poughkeepsie Running,2.41,209,17:53,143,157,161,180,7:24,5:40,,107,1.35,,,,,
running,Poughkeepsie Running,6.76,642,49:37:00,156,176,162,198,7:20,4:49,96,107,1.35,,,,,
running,Poughkeepsie Running,7,661,50:07:00,159,173,161,176,7:09,6:13,384,379,0,,,,,
running,Poughkeepsie Running,0.55,30,6:34,161,179,170,228,11:57,3:57,,,0,,,,,
running,Poughkeepsie Running,0.89,78,5:01,178,188,162,176,5:39,4:17,26,,0,,,,,
running,Poughkeepsie Running,0.9,75,5:01,176,186,164,172,5:35,5:08,9,10,0,,,,,
running,Poughkeepsie Running,0.85,78,05:01.3,176,184,164,170,5:56,5:02,15,,1.65,,,,,
running,Poughkeepsie Running,0.94,70,05:00.4,164,179,164,177,5:21,4:56,,16,1.83,,,,,
running,Poughkeepsie Running,1.32,133,10:26,141,152,161,174,7:53,6:54,13,15,1.27,,,,,
running,Poughkeepsie Running,3.31,282,25:28:00,143,158,163,179,7:42,5:34,130,115,1.28,,,,,
running,Poughkeepsie Running,9.59,"1,020",1:09:41,,,162,177,7:16,5:45,290,311,1.36,,,,,
running,Brewster Running,5.55,604,37:15:00,,,165,173,6:43,4:54,37,47,1.45,,,,,
running,Brewster Running,3.87,425,33:40:00,,,,,8:42,7:00,68,67,0,,,,,
running,Brewster Running,6.01,650,41:25:00,,,164,175,6:53,5:01,84,86,1.42,,,,,
running,Brewster Running,5.92,633,39:54:00,,,163,180,6:44,5:44,50,50,1.46,,,,,
running,Brewster Running,3.99,425,26:19:00,,,162,173,6:35,5:29,25,29,1.51,,,,,
running,Brewster Running,12,"1,315",1:27:33,,,,,7:18,6:12,303,305,0,,,,,
running,Brewster Running,4.75,504,32:57:00,,,164,197,6:56,1:18,76,58,1.42,,,,,
running,Slingerlands Running,4.31,466,28:14:00,,,164,172,6:33,5:24,73,65,1.5,,,,,
running,Albany Running,4.08,438,27:10:00,,,163,172,6:39,5:06,79,77,1.49,,,,,
running,Altamont Running,6.03,636,46:23:00,,,161,198,7:42,4:18,596,541,1.3,,,,,
running,Poughkeepsie Running,7.14,774,54:53:00,,,161,174,7:41,5:45,672,682,1.3,,,,,
running,Slingerlands Running,4.34,469,28:21:00,,,164,173,6:32,5:03,49,41,1.5,,,,,
running,Troy Running,0.84,88,06:18.2,,,157,169,7:28,6:55,14,11,1.38,,,,,
running,Troy Running,3.17,342,20:54,,,162,171,6:35,5:31,141,125,1.51,,,,,
running,Slingerlands Running,4.4,468,29:45:00,,,161,192,6:45,3:52,94,92,1.48,,,,,
running,Delmar Running,7.69,828,1:00:07,,,162,182,7:49,4:57,212,209,1.27,,,,,
running,Slingerlands Running,5.01,539,32:17:00,,,164,177,6:27,4:57,70,63,1.52,,,,,
running,Slingerlands Running,6.07,654,41:32:00,,,163,201,6:51,3:42,150,155,1.45,,,,,
running,Bethlehem Running,1.46,157,10:03,,,,,6:52,3:59,,,0,,,,,
running,Bethlehem Running,2.01,219,11:21,,,,,5:39,4:53,44,49,0,,,,,
running,Bethlehem Running,1.57,173,11:40,,,,,7:27,6:04,36,47,0,,,,,
running,Slingerlands Running,6.25,673,42:57:00,,,164,176,6:52,5:32,187,180,1.42,,,,,
running,Slingerlands Running,5.87,629,40:12:00,,,163,181,6:51,4:20,125,128,1.44,,,,,
running,New Scotland Running,3,331,31:01:00,,,,,10:20,7:53,116,119,0,,,,,
running,East Greenbush Running,0.91,94,06:18.6,,,162,172,6:57,5:07,,,1.43,,,,,
running,East Greenbush Running,3.76,405,28:44:00,,,162,198,7:38,5:25,187,168,1.3,,,,,
running,Slingerlands Running,5.01,538,35:19:00,,,162,174,7:03,6:00,79,72,1.41,,,,,
running,Slingerlands Running,6.04,653,40:02:00,,,163,178,6:38,4:58,164,167,1.49,,,,,
running,New Scotland Running,5,554,39:08:00,,,,,7:50,6:32,74,75,0,,,,,
running,Bethlehem Running,4.75,517,32:10:00,,,,,6:47,5:41,81,72,0,,,,,
running,Bethlehem Running,5.19,571,35:05:00,,,,,6:46,5:19,97,93,0,,,,,
running,Albany Running,1.16,122,07:08.4,,,162,171,6:09,5:14,18,36,1.61,,,,,
running,Slingerlands Running,4.03,433,26:55:00,,,162,177,6:41,5:10,64,23,1.49,,,,,
running,Slingerlands Running,3.84,415,26:15:00,,,162,169,6:50,6:09,79,73,1.45,,,,,
running,Slingerlands Running,3.93,421,26:01:00,,,165,172,6:38,4:55,48,41,1.48,,,,,
running,Slingerlands Running,4.84,520,32:03:00,,,163,174,6:38,5:44,68,61,1.49,,,,,
running,Bethlehem Running,5,550,36:36:00,,,,,7:19,5:59,75,73,0,,,,,
running,Bethlehem Running,4.47,490,32:14:00,,,,,7:12,5:26,109,105,0,,,,,
running,East Greenbush Running,5.11,555,43:49:00,,,157,175,8:35,6:17,172,159,1.19,,,,,
running,Bethlehem Running,4.5,495,34:24:00,,,,,7:39,6:52,79,81,0,,,,,
running,Bethlehem Running,3.08,336,20:38,,,,,6:42,5:44,77,47,0,,,,,
running,Poughkeepsie Running,1.22,131,10:56,,,158,168,9:00,6:28,163,,1.13,,,,,
running,New Scotland Running,5.5,610,43:07:00,,,,,7:50,6:42,164,178,0,,,,,
running,Poughkeepsie Running,3.13,330,18:22,,,164,198,5:52,4:57,28,226,1.67,,,,,
running,New Scotland Running,7,777,53:43:00,,,,,7:40,6:15,208,200,0,,,,,
running,Slingerlands Running,2.99,319,19:35,,,164,173,6:33,5:50,39,33,1.5,,,,,
running,Bethlehem Running,4.64,501,29:06:00,,,,,6:17,5:35,64,64,0,,,,,
running,Poughkeepsie Running,5.77,601,43:21:00,,,162,198,7:31,3:58,241,215,1.32,,,,,
running,Poughkeepsie Running,8.07,869,57:52:00,,,162,175,7:10,5:07,682,666,1.38,,,,,
running,Williamsburg Running,1.03,113,08:32.2,,,161,171,8:18,7:17,,,1.21,,,,,
running,Williamsburg Running,1.24,132,09:56.3,,,162,198,8:03,6:16,23,27,1.23,,,,,
running,Williamsburg Running,1.4,146,12:44,,,163,172,9:06,6:58,51,56,1.08,,,,,
running,Williamsburg Running,1.23,131,09:37.2,,,163,178,7:50,6:09,19,23,1.26,,,,,
running,Poughkeepsie Running,1.71,182,13:58,,,162,173,8:10,6:55,167,94,1.21,,,,,
running,Highland Running,0.93,100,04:58.5,,,167,183,5:21,5:10,53,,1.8,,,,,
running,Albany Running,1.1,118,08:07.6,,,161,171,7:24,6:58,16,27,1.35,,,,,
running,Poughkeepsie Running,2.09,228,17:04,,,162,171,8:10,6:12,38,36,1.22,,,,,
running,Poughkeepsie Running,3.4,370,25:00:00,,,165,179,7:22,5:23,50,41,1.33,,,,,
running,Poughkeepsie Running,3.86,419,28:13:00,,,165,185,7:19,5:48,145,123,1.33,,,,,
running,Poughkeepsie Running,1.61,172,11:52,,,165,183,7:23,6:46,23,25,1.32,,,,,
running,Poughkeepsie Running,4.7,505,33:27:00,,,163,176,7:07,5:45,216,182,1.39,,,,,
running,New York Running,0.87,96,07:30.6,,,158,167,8:38,7:13,,,1.18,,,,,
running,New York Running,0.73,78,06:18.0,,,160,167,8:38,6:37,10,,1.17,,,,,
running,New York Running,1.08,118,10:03,,,153,170,9:18,5:55,8,8,1.13,,,,,
running,Poughkeepsie Running,2.05,214,17:08,,,151,228,8:21,4:30,66,28,1.27,,,,,
running,Poughkeepsie Running,6.02,655,45:12:00,,,163,178,7:30,5:22,215,257,1.32,,,,,
running,Poughkeepsie Running,5.6,607,42:30:00,,,164,185,7:36,5:44,229,263,1.29,,,,,
running,Poughkeepsie Running,5.67,616,41:11:00,,,162,175,7:15,6:05,178,175,1.37,,,,,
running,Poughkeepsie Running,10.48,"1,126",1:19:49,,,163,186,7:37,5:55,705,687,1.3,,,,,
running,Poughkeepsie Running,5.82,611,37:33:00,,,168,204,6:27,4:53,439,234,1.49,,,,,
running,Poughkeepsie Running,6.57,691,48:41:00,,,164,185,7:25,4:22,270,271,1.32,,,,,
treadmill_running,Treadmill Running,1.04,112,08:39.8,,,146,175,8:19,6:36,,,1.33,,,,,
running,Poughkeepsie Running,5.83,624,40:12:00,,,162,177,6:53,5:33,173,159,1.44,,,,,
running,Poughkeepsie Running,0.41,42,02:58.2,,,163,171,7:15,6:36,,,1.37,,,,,
running,Poughkeepsie Running,0.57,44,04:22.1,,,146,237,7:41,4:31,14,,1.43,,,,,
running,Poughkeepsie Running,11.08,"1,188",1:18:38,,,162,177,7:06,5:12,615,594,1.4,,,,,
lap_swimming,Lap Swimming,,12,05:41.4,,,,,2:01,1:47,,,0,,,28,40,18
running,Poughkeepsie Running,4.82,516,34:15:00,,,161,176,7:06,6:03,383,400,1.4,,,,,
running,Poughkeepsie Running,6.37,680,47:49:00,,,162,217,7:30,4:17,219,196,1.33,,,,,
running,Poughkeepsie Running,4.83,521,35:25:00,,,163,177,7:20,6:06,285,266,1.35,,,,,
running,Poughkeepsie Running,10.88,"1,167",1:13:50,,,164,235,6:47,4:56,636,593,1.45,,,,,
running,Poughkeepsie Running,5.93,643,41:16:00,,,161,177,6:58,5:22,402,347,1.43,,,,,
running,Poughkeepsie Running,6.4,691,46:27:00,,,164,179,7:16,6:00,511,500,1.35,,,,,
running,Slingerlands Running,5.88,628,39:55:00,,,162,187,6:47,4:00,139,149,1.46,,,,,
running,Albany Running,0.41,45,03:25.8,,,159,171,8:16,7:11,,,1.22,,,,,
running,Altamont Running,4.97,517,39:35:00,,,160,228,7:58,6:36,159,161,1.26,,,,,
running,Albany Running,1.56,164,09:03.6,,,165,186,5:47,4:51,2,25,1.68,,,,,
running,Slingerlands Running,1.7,176,10:31,,,164,176,6:12,5:28,67,22,1.58,,,,,
running,Slingerlands Running,0.78,79,05:55.4,,,160,174,7:34,6:53,26,33,1.33,,,,,
running,Slingerlands Running,5.44,579,38:17:00,,,162,217,7:03,4:56,92,83,1.41,,,,,
running,Altamont Running,6.99,628,44:02:00,,,151,174,6:18,1:30,37,93,1.69,,,,,
running,Albany Running,2.28,240,15:00,,,164,174,6:35,5:14,,39,1.49,,,,,
running,Running,0.7,77,05:36.2,,,163,174,8:00,7:10,,,1.24,,,,,
running,Slingerlands Running,5.2,556,36:18:00,,,162,185,6:59,4:14,116,119,1.42,,,,,
running,Slingerlands Running,10.5,"1,122",1:13:57,,,173,188,7:03,5:47,176,170,1.32,,,,,
indoor_cycling,Indoor Cycling,0,,1:22:35,,,,,,,,,0,,,,,
running,Hyde Park Running,1.08,113,11:15,,,165,178,10:26,8:20,10,10,0.94,,,,,
running,Hyde Park Running,0.7,64,04:01.6,,,166,196,5:47,4:29,,,1.67,,,,,
running,Hyde Park Running,1.07,106,06:00.4,,,168,190,5:38,4:43,,,1.7,,,,,
running,Hyde Park Running,1.98,215,13:00,,,165,197,6:34,3:25,27,58,1.48,,,,,
running,Hyde Park Running,1.7,179,09:43.2,,,168,192,5:44,2:19,55,11,1.67,,,,,
running,Hyde Park Running,1.63,175,12:49,,,165,181,7:51,5:56,25,15,1.24,,,,,
running,Poughkeepsie Running,9.31,997,1:09:24,,,164,198,7:27,4:44,625,635,1.32,,,,,
running,Poughkeepsie Running,5.38,577,42:18:00,,,164,177,7:51,6:59,508,505,1.25,,,,,
running,Pennington Running,1.19,124,12:13,,,163,191,10:15,6:28,73,65,0.96,,,,,
running,Pennington Running,1.23,138,09:49.4,,,165,175,7:58,5:59,,,1.22,,,,,
running,New Scotland Running,12,"1,324",1:28:39,,,,,7:23,6:51,269,270,0,,,,,
running,Bethlehem Running,7.12,778,52:26:00,,,,,7:22,5:55,143,141,0,,,,,
running,Bethlehem Running,6,660,45:59:00,,,,,7:40,6:13,58,63,0,,,,,
running,Bethlehem Running,4.96,543,37:15:00,,,,,7:31,5:57,63,73,0,,,,,
running,Bethlehem Running,5.95,648,43:48:00,,,,,7:22,5:15,123,116,0,,,,,
running,Bethlehem Running,5,550,39:13:00,,,,,7:50,6:43,86,87,0,,,,,
running,Bethlehem Running,5.94,651,43:27:00,,,,,7:19,6:03,120,112,0,,,,,
running,Bethlehem Running,5,547,36:01:00,,,,,7:12,6:12,92,94,0,,,,,
running,Bethlehem Running,5.92,649,43:26:00,,,,,7:20,5:08,109,118,0,,,,,
running,Bethlehem Running,4,439,29:50:00,,,,,7:27,3:18,33,30,0,,,,,
running,Bethlehem Running,8,880,1:01:38,,,,,7:42,6:13,269,271,0,,,,,
running,Slingerlands Running,5.64,607,38:03:00,,,162,175,6:45,5:03,103,97,1.47,,,,,
running,Slingerlands Running,5.87,627,41:00:00,,,161,183,6:59,6:13,119,129,1.43,,,,,
running,Slingerlands Running,5.3,563,34:44:00,,,162,177,6:33,4:44,95,88,1.52,,,,,
running,Slingerlands Running,3.91,417,28:02:00,,,162,181,7:11,3:11,56,63,1.38,,,,,
running,Slingerlands Running,5.05,539,34:55:00,,,161,177,6:55,5:40,69,68,1.44,,,,,
treadmill_running,Treadmill Running,3.99,430,34:40:00,,,147,186,8:41,6:38,,,1.26,,,,,
running,Slingerlands Running,6.01,640,43:38:00,,,162,172,7:16,5:51,110,103,1.37,,,,,
running,Slingerlands Running,7.19,774,51:56:00,,,163,176,7:13,4:56,131,126,1.37,,,,,
running,Slingerlands Running,7.04,752,49:26:00,,,162,196,7:02,5:19,148,147,1.41,,,,,
running,Slingerlands Running,7.07,760,50:25:00,,,163,181,7:08,3:59,112,106,1.38,,,,,
running,Slingerlands Running,7.12,764,50:44:00,,,164,176,7:07,5:19,158,158,1.38,,,,,
running,Voorheesville Running,9.5,"1,015",1:09:38,,,171,181,7:20,4:32,228,251,1.28,,,,,
running,Slingerlands Running,3.11,326,20:13,,,162,172,6:30,5:36,60,45,1.52,,,,,
running,Albany Running,5.46,595,41:05:00,,,162,174,7:31,6:07,50,57,1.32,,,,,
running,Slingerlands Running,5.28,569,39:39:00,,,162,174,7:30,6:35,71,70,1.33,,,,,
running,Slingerlands Running,3.97,421,26:42:00,,,161,172,6:44,5:30,58,54,1.48,,,,,
running,Slingerlands Running,4.99,531,34:49:00,,,162,172,6:59,5:25,92,106,1.42,,,,,
running,Slingerlands Running,3.47,371,25:16:00,,,161,173,7:17,6:38,78,85,1.37,,,,,
running,New Paltz Running,3.01,292,19:14,,,164,192,6:23,1:42,,189,1.53,,,,,
running,Poughkeepsie Running,5.39,582,39:07:00,,,164,182,7:16,5:56,206,235,1.35,,,,,
running,Poughkeepsie Running,4.04,432,29:22:00,,,164,177,7:16,4:59,325,386,1.35,,,,,
running,Poughkeepsie Running,5.39,573,37:44:00,,,161,176,7:00,5:07,344,425,1.43,,,,,
lap_swimming,Lap Swimming,,62,45:36:00,,,,,3:00,1:19,,,0,,,168,56,15
running,Poughkeepsie Running,6.43,692,47:03:00,,,162,183,7:19,5:48,12,113,1.36,,,,,
running,Poughkeepsie Running,5.77,610,40:36:00,,,165,197,7:03,5:09,225,236,1.39,,,,,
running,Poughkeepsie Running,1.77,194,13:34,,,165,185,7:41,6:35,48,104,1.27,,,,,
running,Poughkeepsie Running,2.76,298,20:14,,,166,185,7:20,5:57,,23,1.33,,,,,
running,Poughkeepsie Running,4.03,434,29:39:00,,,166,198,7:22,6:24,155,155,1.32,,,,,
indoor_cycling,Untitled,0,,21:44,,,,,,,,,0,,,,,
running,Poughkeepsie Running,3.01,328,23:24,,,167,189,7:46,7:10,103,79,1.24,,,,,
running,Albany Running,3.95,421,27:31:00,,,161,178,6:58,4:57,21,45,1.43,,,,,
running,Altamont Running,6.4,687,46:05:00,,,162,185,7:12,6:11,145,195,1.38,,,,,
running,Slingerlands Running,4.37,470,29:56:00,,,162,207,6:51,5:06,110,110,1.45,,,,,
running,Slingerlands Running,4.02,427,26:48:00,,,164,181,6:40,5:37,8,10,1.47,,,,,
running,Slingerlands Running,6.22,662,44:00:00,,,163,193,7:05,4:09,102,100,1.39,,,,,
running,Slingerlands Running,4.77,499,31:55:00,,,161,175,6:42,4:39,66,66,1.49,,,,,
running,Poughkeepsie Running,8.98,945,1:06:13,,,162,228,7:22,2:23,127,228,1.34,,,,,